{"124691063":{"moderators":[],"set_owner":143218912,"settings":{"set_name":"famil`","lock_name":"yes","lock_photo":"no","lock_member":"no","flood":"yes"},"long_id":"$0200000077a26e070000000000000000","group_type":"Group"},"realms":{"103848176":103848176},"1051588599":{"moderators":[],"set_owner":219298173,"settings":{"member":"no","lock_spam":"yes","lock_link":"no","lock_arabic":"no","set_link":"https://telegram.me/joinchat/CtSvvj6t9_dEmsTG-Jq6cQ","set_name":"ФŦŦŁłЛΞTΞΛm SuppФЯ੮","strict":"no","lock_contacts":"no","flood":"yes","public":"no","lock_rtl":"no","lock_sticker":"no","lock_tgservice":"yes"},"long_id":"$05000000f7f7ad3ef229d2f357ca8609","group_type":"SuperGroup"},"103848176":{"settings":{"set_name":"realmspecial","lock_name":"yes","lock_photo":"no","lock_member":"no","flood":"no"},"group_type":"Realm"},"1050825733":{"moderators":[],"set_owner":143218912,"settings":{"member":"no","lock_spam":"yes","flood":"yes","lock_link":"no","set_name":"OffLiNeFamily","strict":"no","lock_contacts":"no","lock_arabic":"no","public":"no","lock_rtl":"no","lock_sticker":"no","lock_tgservice":"yes"},"long_id":"$050000000554a23e19a1575d3429a478","group_type":"SuperGroup"},"groups":{"1051588599":1051588599,"1050825733":1050825733,"124691063":124691063}}